Position, Company, Location, URL
라인프렌즈 2022년 각 부문 수시의 전체 세부 정보, 라인프렌즈, 서울 용산구,https://kr.indeed.com//rc/clk?jk=1015284880e2ff62&fccid=b6f22bcb6078a2c4&vjs=3
[정규직] 2022년 소프트웨어 연구개발 신입/경력 사원의 전체 세부 정보, 스카이시스, 울산 북구,https://kr.indeed.com//rc/clk?jk=9f50e72b1130520d&fccid=c182093a93404981&vjs=3
언어이해(NLU) 기술 전문가의 전체 세부 정보, 에스케이텔레콤, 서울 종로구,https://kr.indeed.com//rc/clk?jk=cf50bdb811474442&fccid=ce2f0f28b40a5be8&vjs=3
'22년 하반기 신입 R&D 채용의 전체 세부 정보, 한화그룹, 서울,https://kr.indeed.com//rc/clk?jk=53216e6973b5e2f3&fccid=bd0dc1817223394f&vjs=3
프론트엔드(신입) 개발자 /충주의 전체 세부 정보, 서울소프트, 충청북도 충주,https://kr.indeed.com//rc/clk?jk=91675c17d1d0dbd8&fccid=97afd8ba47455ffe&vjs=3
프론트엔드(신입) 개발자 /충주의 전체 세부 정보, 서울소프트, 충청북도 충주,https://kr.indeed.com//rc/clk?jk=91675c17d1d0dbd8&fccid=97afd8ba47455ffe&vjs=3
AI개발 및 고도화  연구 업무의 전체 세부 정보, 플루언트, 서울 강남구,https://kr.indeed.com//rc/clk?jk=c1d56b0d49e1958c&fccid=8fd103d8370e171f&vjs=3
SCM혁신 신입/경력 사원 공개채용의 전체 세부 정보, 유한킴벌리, 서울 신천동,https://kr.indeed.com//rc/clk?jk=c759fe51adbc3ea1&fccid=b946e043e6327409&vjs=3
2022년 양자 ICT 분야 포닥 펠로우십 연구원 공개의 전체 세부 정보, 한국지능정보사회진흥원, 서울 중구,https://kr.indeed.com//rc/clk?jk=7cd241dca2cccaec&fccid=40802c004429d453&vjs=3
금융공학연구소 신입/경력 채용의 전체 세부 정보, KIS채권평가, 서울 여의도,https://kr.indeed.com//rc/clk?jk=eaf27d0f05e18378&fccid=c54b7952dd9d6d70&vjs=3
Cloud Engineer  Infrastructure  Google Cloud Professional Se...의 전체 세부 정보, Google, 서울,https://kr.indeed.com//rc/clk?jk=df44443f36e6196a&fccid=a5b4499d9e91a5c6&vjs=3
Cloud Engineer  Infrastructure  Google Cloud Professional Se...의 전체 세부 정보, Google, 서울,https://kr.indeed.com//rc/clk?jk=df44443f36e6196a&fccid=a5b4499d9e91a5c6&vjs=3
[HYBE] Hybrid IT(Cloud + On-premise) 인프라 운영의 전체 세부 정보, 하이브, 서울 용산구,https://kr.indeed.com//rc/clk?jk=63e23c8f307c3a75&fccid=55c46c15186153ee&vjs=3
데이터 분석 전문가의 전체 세부 정보, 에스케이텔레콤, 서울 중구,https://kr.indeed.com//rc/clk?jk=177e0e206497cc18&fccid=ce2f0f28b40a5be8&vjs=3
영상처리  컴퓨터 비전 전문가 (신입/경력)의 전체 세부 정보, 에바, 성남 수정구,https://kr.indeed.com//rc/clk?jk=2642a83874ea6bab&fccid=5cc87f5890bd7170&vjs=3
[11번가] System Engineer 분야의 전체 세부 정보, 십일번가, 서울 중구,https://kr.indeed.com//rc/clk?jk=60316b7ad62ed396&fccid=54911ff2dce6c429&vjs=3
전산전문인력(~7/24)의 전체 세부 정보, 브이아이피자산운용, 대한민국,https://kr.indeed.com//rc/clk?jk=762f4670e39d3075&fccid=b56486e332998764&vjs=3
전산전문인력(~7/24)의 전체 세부 정보, 브이아이피자산운용, 대한민국,https://kr.indeed.com//rc/clk?jk=762f4670e39d3075&fccid=b56486e332998764&vjs=3
Senior Open Source Developer & DevOps (Python, Django, React, AWS/OpenStack), OpenCraft, Anywhere in the World,https://weworkremotely.com//remote-jobs/opencraft-senior-open-source-developer-devops-python-django-react-aws-openstack
(Senior) Python Full Stack Software Developer, Optimile, Europe Only,https://weworkremotely.com//remote-jobs/optimile-senior-python-full-stack-software-developer
Python / PHP Senior Developer for Ambitious Startup, Soundsnap/ Beatopia, Europe Only,https://weworkremotely.com//remote-jobs/soundsnap-beatopia-python-php-senior-developer-for-ambitious-startup
Senior Backend Engineer - Python, TheoremOne, LLC, Anywhere in the World,https://weworkremotely.com//remote-jobs/theoremone-llc-senior-backend-engineer-python
Senior Python Developer - Full Remote , Ebury, Latin America Only/Europe Only,https://weworkremotely.com//remote-jobs/ebury-senior-python-developer-full-remote-1
Python Developer - Remote, UpStack Technologies, Inc., Americas Only/Europe Only,https://weworkremotely.com//remote-jobs/upstack-technologies-inc-python-developer-remote
Senior Backend Engineer (Python), TestGorilla, Anywhere in the World,https://weworkremotely.com//remote-jobs/testgorilla-senior-backend-engineer-python-7
Backend Engineer (Python), TestGorilla, Anywhere in the World,https://weworkremotely.com//remote-jobs/testgorilla-backend-engineer-python-6
Python Developer, Lemon.io, Latin America Only/Europe Only,https://weworkremotely.com//remote-jobs/lemon-io-python-developer-1
Senior Software Engineer, Python, AssemblyAI (YC 17), Anywhere in the World,https://weworkremotely.com//remote-jobs/assemblyai-yc-17-senior-software-engineer-python
Senior Back End Developer (Python) - [Remote], EventMobi, Anywhere in the World,https://weworkremotely.com//remote-jobs/eventmobi-senior-back-end-developer-python-remote
Python Platform Engineer, Doximity, Americas Only,https://weworkremotely.com//remote-jobs/doximity-python-platform-engineer
Backend Engineer - Integrations (Python), Cerity Partners LLC, USA Only,https://weworkremotely.com//remote-jobs/cerity-partners-llc-backend-engineer-integrations-python
Python Engineer - Latin America, Azumo, Anywhere in the World,https://weworkremotely.com//listings/azumo-python-engineer-latin-america
Software Development Engineer in Test – Python – Cyprus, Greece or Remote , XM, Anywhere in the World,https://weworkremotely.com//remote-jobs/xm-software-development-engineer-in-test-python-cyprus-greece-or-remote-1
Senior QA Software Test Automation Engineer – Python – Cyprus, Greece, Remote , XM, Anywhere in the World,https://weworkremotely.com//remote-jobs/xm-senior-qa-software-test-automation-engineer-python-cyprus-greece-remote-1
웹개발 DBA(Database Admin.) 소프트웨어엔지니어, (주)바로팜, 서울,https://www.jobplanet.co.kr/job/search?q=%EA%B0%9C%EB%B0%9C%EC%9E%90%2C%ED%8C%8C%EC%9D%B4%EC%8D%AC.%EC%8A%A4%ED%83%80%ED%8A%B8%EC%97%85&posting_ids%5B%5D=1234709&_rs_con=search&_rs_act=index&_rs_element=search_result
웹개발 소프트웨어엔지니어 데이터분석, (주)쇼엠, 인천,https://www.jobplanet.co.kr/job/search?q=%EA%B0%9C%EB%B0%9C%EC%9E%90%2C+java%2C+%ED%8C%8C%EC%9D%B4%EC%8D%AC%2C+%EA%B0%9C%EB%B0%9C%2C+%EC%9B%B9%EA%B0%9C%EB%B0%9C%2C+%ED%94%84%EB%A1%9C%EA%B7%B8%EB%9E%A8%2C+%EC%85%80%EB%A0%88%EB%8B%88%EC%9B%80%2C+SELENIUM%2C+AWS%2C+LINUX%2C+%EC%8A%A4%ED%81%AC%EB%A6%BD%ED%8A%B8+%EC%A0%9C%EC%9E%91%2C+%EC%8A%A4%ED%81%AC%EB%A6%BD%ED%8A%B8+%EC%9C%A0%EC%A7%80%2C+%EC%8A%A4%ED%81%AC%EB%A6%BD%ED%8A%B8+%EB%B3%B4%EC%88%98%2C+%EC%88%98%EC%A0%95%2C+%EC%95%B1+%EA%B0%9C%EB%B0%9C%2C+%ED%94%84%EB%A1%9C%EA%B7%B8%EB%9E%A8&posting_ids%5B%5D=1235770&_rs_con=search&_rs_act=index&_rs_element=search_result
모바일앱개발 웹개발, (주)휴레이포지티브, 서울,https://www.jobplanet.co.kr/job/search?q=%ED%9C%B4%EB%A0%88%EC%9D%B4&posting_ids%5B%5D=1231973&_rs_con=search&_rs_act=index&_rs_element=search_result
모바일앱개발 웹개발 소프트웨어엔지니어, (주)퀄슨, 서울,https://www.jobplanet.co.kr/job/search?q=%5B%EB%A6%AC%EC%96%BC%ED%81%B4%EB%9E%98%EC%8A%A4%5D%EC%8B%9C%EB%8B%88%EC%96%B4+%EB%B0%B1%EC%97%94%EB%93%9C+%EA%B0%9C%EB%B0%9C%EC%9E%90+%28Senior+Backend+Developer%2C+Python%29&posting_ids%5B%5D=1235707&_rs_con=search&_rs_act=index&_rs_element=search_result
모바일앱개발, (주)비사이드코리아, 서울,https://www.jobplanet.co.kr/job/search?q=Flutter+%EC%95%B1+%EA%B0%9C%EB%B0%9C%EC%9E%90+%281%EB%85%84%7E%29&posting_ids%5B%5D=1236030&_rs_con=search&_rs_act=index&_rs_element=search_result
시스템엔지니어 소프트웨어엔지니어, (주)아하랩스, 경기,https://www.jobplanet.co.kr/job/search?q=%EB%94%A5%EB%9F%AC%EB%8B%9D+%2F+%EB%A8%B8%EC%8B%A0%EB%9F%AC%EB%8B%9D+%EC%97%B0%EA%B5%AC%EC%9B%90&posting_ids%5B%5D=1235664&_rs_con=search&_rs_act=index&_rs_element=search_result
